filename,commit_count
config.go,271
run.go,230
linters_settings.go,228
manager.go,218
runner.go,186
doc.go,170
main.go,147
govet.go,98
builder_linter.go,90
run_test.go,86
util.go,78
gci.go,76
load.go,75
gofmt.go,74
revive.go,72
gocritic.go,67
linters.go,65
linters_test.go,65
errcheck.go,62
errors.go,60
goimports.go,60
lint.go,59
nolintlint.go,59
executor.go,57
nolint.go,54
loader.go,53
gofumpt.go,53
root.go,52
context.go,51
unused.go,50
utils.go,49
wsl.go,48
depguard.go,47
linter.go,46
dupl.go,46
gosec.go,46
gocyclo.go,45
megacheck.go,45
text.go,44
version.go,44
misspell.go,44
golint.go,43
cache.go,43
issue.go,42
goconst.go,41
whitespace.go,41
godot.go,41
enabled_linters_test.go,38
ineffassign.go,37
nolint_test.go,37
autogenerated_exclude.go,37
lll.go,36
issues.go,36
diff.go,35
unconvert.go,35
help.go,34
deadcode.go,32
types.go,31
interfacer.go,31
reader.go,30
fixer.go,30
gomodguard.go,30
structcheck.go,29
unparam.go,29
error.go,28
varcheck.go,28
typecheck.go,28
logutils.go,28
gochecknoglobals.go,28
staticcheck.go,28
parser.go,27
bench_test.go,27
prealloc.go,27
ginkgolinter.go,27
builder.go,26
fix.go,26
maligned.go,26
printer.go,26
godox.go,26
output.go,26
flagsets.go,26
cgo.go,25
enabled_linters.go,25
analysis.go,25
importas.go,25
runner_loadingpackage.go,25
severity.go,25
enabled_set.go,24
funlen.go,24
gocognit.go,24
skip_dirs.go,23
stylecheck.go,23
bodyclose.go,23
exhaustive.go,23
imports.go,22
gas.go,22
analyzer.go,22
nestif.go,22
thelper.go,22
forbidigo.go,22
decode.go,21
tab.go,21
nakedret.go,21
exclude_rules.go,21
github.go,21
perfsprint.go,21
fsutils.go,20
max_per_file_from_linter.go,20
token.go,20
fix_test.go,20
paralleltest.go,20
testifylint.go,20
print.go,19
json.go,19
log.go,19
validator.go,19
gochecknoinits.go,19
gosimple.go,19
codeclimate.go,19
goheader.go,19
errorlint.go,19
makezero.go,19
golangci.go,18
astcache.go,18
scopelint.go,18
dogsled.go,18
runners.go,18
base_rule.go,18
cyclop.go,18
runner_action.go,18
usestdlibvars.go,18
common.go,17
encode.go,17
parse.go,17
path_prettifier.go,17
packages.go,17
wrapcheck.go,17
thanks.go,17
types_openbsd.go,16
exclude.go,16
uniq_by_line.go,16
autogenerated_exclude_test.go,16
enabled_set_test.go,16
testshared.go,16
junitxml.go,16
gofmt_common.go,16
asciicheck.go,16
noctx.go,16
sqlclosecheck.go,16
wastedassign.go,16
tagliatelle.go,16
output_test.go,16
logger.go,15
max_same_issues.go,15
checkstyle.go,15
stderr_log.go,15
golist.go,15
errchk.go,15
default.go,15
gomnd.go,15
sort_results.go,15
nilnil.go,15
tagalign.go,15
sloglint.go,15
govet_test.go,14
service.go,14
internal.go,14
ssa.go,14
write.go,14
lintersdb.go,14
package.go,14
unmarshal.go,14
client.go,14
api.go,14
build.go,14
nolintlint_test.go,14
varnamelen.go,14
bidichk.go,14
errchkjson.go,14
nonamedreturns.go,14
copyloopvar.go,14
severity_test.go,14
formatters.go,14
env.go,13
buildtag.go,13
source.go,13
check.go,13
max_from_linter.go,13
fmt.go,13
rowserrcheck.go,13
nlreturn.go,13
nilerr.go,13
gomoddirectives.go,13
promlinter.go,13
contextcheck.go,13
decorder.go,13
exhaustruct.go,13
dupword.go,13
musttag.go,13
mirror.go,13
gochecksumtype.go,13
types_freebsd.go,12
zstdlib.go,12
visit.go,12
wrappers.go,12
walk.go,12
skip_files.go,12
metalinter.go,12
filename_unadjuster.go,12
cache_test.go,12
trace.go,12
go_mod_tidy_hack.go,12
exportloopref.go,12
sort_results_test.go,12
exhaustivestruct.go,12
errname.go,12
maintidx.go,12
golines.go,12
migrate.go,12
format.go,11
constants.go,11
types_darwin.go,11
sortimports.go,11
emit.go,11
func.go,11
identical.go,11
lift.go,11
html.go,11
match.go,11
resolve.go,11
exclude_rules_test.go,11
goprintffuncname.go,11
goerr113.go,11
predeclared.go,11
ifshort.go,11
durationcheck.go,11
forcetypeassert.go,11
staticcheck_common.go,11
tenv.go,11
tab_test.go,11
text_test.go,11
grouper.go,11
execinquery.go,11
commons.go,11
gocritic_test.go,11
runner_test.go,11
protogetter.go,11
intrange.go,11
config_verify.go,11
fatcontext.go,11
timestamp.go,10
assign.go,10
map.go,10
mkstdlib.go,10
const.go,10
dom.go,10
lvalue.go,10
methods.go,10
sanity.go,10
switch.go,10
testmain.go,10
pkg.go,10
tables10.0.0.go,10
exclude_test.go,10
position.go,10
stopwatch.go,10
typecheck_many_issues.go,10
interface.go,10
defaults.go,10
github_test.go,10
testpackage.go,10
ireturn.go,10
codeclimate_test.go,10
containedctx.go,10
nosprintfhostport.go,10
asasalint.go,10
gofmt_rewrite_rules.go,10
gosmopolitan.go,10
printer_test.go,10
builder_plugin_go.go,10
invalid_issue.go,10
mnd.go,10
equal.go,9
properties.go,9
process_freebsd.go,9
writer.go,9
syscall_linux.go,9
zsyscall_windows.go,9
structtag.go,9
tests.go,9
fastwalk_unix.go,9
blockopt.go,9
create.go,9
identical_17.go,9
mode.go,9
tables9.0.0.go,9
sql.go,9
uniq_by_line_test.go,9
lex.go,9
skip_files_test.go,9
source_code.go,9
archive.go,9
identifier_marker.go,9
hash.go,9
pkgcache.go,9
stats.go,9
nolintlint_unused.go,9
default_exclude.go,9
interfacebloat.go,9
reassign.go,9
ginkgolinter_suppress_err.go,9
ginkgolinter_suppress_nil.go,9
zerologlint.go,9
manager_test.go,9
exptostd.go,9
gofmt_test.go,8
mock.go,8
idispatch.go,8
iunknown.go,8
utility.go,8
call.go,8
net.go,8
process.go,8
process_darwin.go,8
process_linux.go,8
process_windows.go,8
int.go,8
string.go,8
go19.go,8
syscall.go,8
mksyscall.go,8
composite.go,8
fastwalk.go,8
fastwalk_portable.go,8
slice.go,8
transform.go,8
readfile.go,8
rsa.go,8
rulelist.go,8
templates.go,8
fuzz.go,8
lexer.go,8
load_test.go,8
resolver.go,8
data.go,8
main_test.go,8
with_issue.go,8
errcheck_ignore.go,8
stylecheck_not_in_megacheck.go,8
config_gocritic.go,8
mod.go,8
filecache.go,8
printf.go,8
validate.go,8
gofmt_no_simplify.go,8
tables11.0.0.go,8
deprecated.go,8
robustio_other.go,8
metadata.go,8
server.go,8
transport.go,8
robustio_flaky.go,8
processor_test.go,8
severity_rules.go,8
gofumpt_with_extra.go,8
junitxml_test.go,8
directives.go,8
ginkgolinter_suppress_len.go,8
teamcity.go,8
ginkgolinter_suppress_compare.go,8
inamedparam.go,8
spancheck.go,8
configuration.go,8
err113.go,8
usetesting.go,8
runner_checker.go,8
goimports_cgo.go,8
exclusion_rules.go,8
supported_linters.go,7
processor.go,7
bytes.go,7
stack.go,7
zerrors_linux_386.go,7
zerrors_linux_amd64.go,7
zerrors_linux_arm.go,7
zerrors_linux_arm64.go,7
zerrors_linux_mips.go,7
zerrors_linux_mips64.go,7
zerrors_linux_mips64le.go,7
zerrors_linux_mipsle.go,7
zerrors_linux_ppc64.go,7
zerrors_linux_ppc64le.go,7
zerrors_linux_s390x.go,7
zerrors_linux_sparc64.go,7
ztypes_linux_386.go,7
ztypes_linux_amd64.go,7
ztypes_linux_arm.go,7
ztypes_linux_arm64.go,7
ztypes_linux_mips.go,7
ztypes_linux_mips64.go,7
ztypes_linux_mips64le.go,7
ztypes_linux_mipsle.go,7
ztypes_linux_ppc64.go,7
ztypes_linux_ppc64le.go,7
ztypes_linux_s390x.go,7
security_windows.go,7
syscall_windows.go,7
gen.go,7
lostcancel.go,7
mkindex.go,7
callgraph.go,7
stdlib.go,7
functions.go,7
loops.go,7
pure.go,7
terminates.go,7
rules.go,7
visitor.go,7
helpers.go,7
subproc.go,7
file.go,7
flags.go,7
exitcodes.go,7
url.go,7
path_shortener.go,7
dupArg_checker.go,7
checker.go,7
staticcheck_in_megacheck.go,7
identifier_marker_test.go,7
robustio.go,7
robustio_windows.go,7
invoke.go,7
tparallel.go,7
config_test.go,7
forbidigo_example.go,7
depguard_ignore_file_rules.go,7
checkstyle_test.go,7
json_test.go,7
nonamedreturns_custom.go,7
nosnakecase.go,7
gocheckcompilerdirectives.go,7
teamcity_test.go,7
ginkgolinter_havelen0.go,7
custom_linters.go,7
validator_test.go,7
custom.go,7
canonicalheader.go,7
sarif.go,7
sarif_test.go,7
gofumpt_cgo.go,7
nolint_filter.go,7
nolint_filter_test.go,7
formatters_settings.go,7
path_resolver.go,6
test.go,6
swbemservices.go,6
wmi.go,6
com.go,6
com_func.go,6
idispatch_windows.go,6
safearray_func.go,6
safearray_windows.go,6
safearrayconversion.go,6
variant.go,6
duration.go,6
extensions.go,6
lib.go,6
message_set.go,6
text_parser.go,6
callset.go,6
controller.go,6
cpu_linux.go,6
cpu_windows.go,6
host.go,6
types_linux.go,6
common_windows.go,6
mem.go,6
mem_freebsd.go,6
mem_linux.go,6
net_linux.go,6
net_windows.go,6
process_fallback.go,6
process_openbsd.go,6
process_posix.go,6
flag.go,6
go17.go,6
pre_go17.go,6
pre_go19.go,6
sockcmsg_unix.go,6
syscall_darwin.go,6
syscall_dragonfly.go,6
syscall_freebsd.go,6
syscall_netbsd.go,6
syscall_openbsd.go,6
syscall_solaris.go,6
zsyscall_darwin_386.go,6
zsyscall_darwin_amd64.go,6
zsyscall_darwin_arm.go,6
zsyscall_darwin_arm64.go,6
zsyscall_freebsd_386.go,6
zsyscall_freebsd_amd64.go,6
zsyscall_freebsd_arm.go,6
zsyscall_linux_386.go,6
zsyscall_linux_amd64.go,6
zsyscall_linux_arm.go,6
zsyscall_linux_arm64.go,6
zsyscall_linux_mips.go,6
zsyscall_linux_mips64.go,6
zsyscall_linux_mips64le.go,6
zsyscall_linux_mipsle.go,6
zsyscall_linux_ppc64.go,6
zsyscall_linux_ppc64le.go,6
zsyscall_linux_s390x.go,6
zsyscall_linux_sparc64.go,6
zsyscall_netbsd_386.go,6
zsyscall_netbsd_amd64.go,6
zsyscall_netbsd_arm.go,6
zsyscall_openbsd_386.go,6
zsyscall_openbsd_amd64.go,6
zsyscall_openbsd_arm.go,6
zsysnum_linux_386.go,6
zsysnum_linux_amd64.go,6
zsysnum_linux_arm.go,6
zsysnum_linux_arm64.go,6
zsysnum_linux_mips.go,6
zsysnum_linux_mips64.go,6
zsysnum_linux_mips64le.go,6
zsysnum_linux_mipsle.go,6
zsysnum_linux_ppc64.go,6
zsysnum_linux_ppc64le.go,6
zsysnum_linux_s390x.go,6
zsysnum_linux_sparc64.go,6
ztypes_linux_sparc64.go,6
types_windows.go,6
asmdecl.go,6
atomic.go,6
copylock.go,6
httpresponse.go,6
nilfunc.go,6
shift.go,6
unsafeptr.go,6
bimport.go,6
gcimporter.go,6
fastwalk_dirent_fileno.go,6
fastwalk_dirent_ino.go,6
channel.go,6
vrp.go,6
path.go,6
search.go,6
trieval.go,6
call_list.go,6
rule.go,6
bind.go,6
fileperms.go,6
tempfiles.go,6
max_from_linter_test.go,6
max_same_issues_test.go,6
ast.go,6
case.go,6
any.go,6
strings.go,6
external.go,6
golist_fallback.go,6
semver.go,6
boolExprSimplify_checker.go,6
deprecatedComment_checker.go,6
unlambda_checker.go,6
zerrors_linux_riscv64.go,6
ztypes_linux_riscv64.go,6
sizes.go,6
golist_overlay.go,6
errcheck_exclude.go,6
errcheck_ignore_default.go,6
generated.go,6
completion.go,6
renameio.go,6
tools.go,6
iam.go,6
retry.go,6
release.go,6
status.go,6
handlers.go,6
credentials.go,6
shared_config.go,6
header.go,6
git.go,6
backoff.go,6
record.go,6
key.go,6
frame.go,6
dial.go,6
balancer.go,6
robustio_darwin.go,6
exhaustive_default.go,6
path_prefixer.go,6
errorlint_errorf.go,6
makezero_always.go,6
govet_fieldalignment.go,6
errcheck_type_assertions.go,6
issues_test.go,6
importas_strict.go,6
goconst_dont_ignore_test.go,6
goconst_ignore_test.go,6
errcheck_exclude_functions.go,6
depguard_additional_guards.go,6
exhaustruct_custom.go,6
directives_test.go,6
goimports_local.go,6
loggercheck.go,6
ginkgolinter_suppress_async.go,6
multiple-issues-fix.go,6
diff_test.go,6
runners_cache.go,6
gci_cgo.go,6
meta_formatter.go,6
swaggo.go,6
unqueryvet.go,6
clone.go,5
discard.go,5
pointer_reflect.go,5
pointer_unsafe.go,5
matchers.go,5
track.go,5
cpu.go,5
cpu_darwin.go,5
cpu_fallback.go,5
cpu_freebsd.go,5
cpu_openbsd.go,5
cpu_solaris.go,5
host_darwin.go,5
host_linux.go,5
host_windows.go,5
common_darwin.go,5
common_freebsd.go,5
common_linux.go,5
common_openbsd.go,5
common_unix.go,5
mem_darwin.go,5
mem_solaris.go,5
mem_windows.go,5
net_darwin.go,5
net_fallback.go,5
net_freebsd.go,5
net_openbsd.go,5
net_unix.go,5
entry.go,5
formatter.go,5
args.go,5
assertion_format.go,5
assertion_forward.go,5
assertions.go,5
race0.go,5
str.go,5
syscall_bsd.go,5
syscall_darwin_386.go,5
syscall_darwin_amd64.go,5
syscall_darwin_arm.go,5
syscall_darwin_arm64.go,5
syscall_linux_386.go,5
syscall_linux_amd64.go,5
syscall_linux_arm.go,5
syscall_linux_arm64.go,5
syscall_linux_mips64x.go,5
syscall_linux_mipsx.go,5
syscall_linux_ppc64x.go,5
syscall_linux_s390x.go,5
syscall_linux_sparc64.go,5
syscall_unix.go,5
zerrors_dragonfly_amd64.go,5
zerrors_netbsd_386.go,5
zerrors_netbsd_amd64.go,5
zerrors_netbsd_arm.go,5
zerrors_openbsd_386.go,5
zerrors_openbsd_amd64.go,5
zerrors_openbsd_arm.go,5
zsyscall_dragonfly_amd64.go,5
zsyscall_solaris_amd64.go,5
zsysctl_openbsd_amd64.go,5
zsysnum_freebsd_386.go,5
zsysnum_freebsd_amd64.go,5
zsysnum_freebsd_arm.go,5
ztypes_dragonfly_amd64.go,5
ztypes_freebsd_386.go,5
ztypes_freebsd_amd64.go,5
ztypes_freebsd_arm.go,5
ztypes_openbsd_386.go,5
ztypes_openbsd_amd64.go,5
ztypes_openbsd_arm.go,5
cfg.go,5
whitelist.go,5
shadow.go,5
gcexportdata.go,5
bexport.go,5
iimport.go,5
static.go,5
concrete.go,5
syntax.go,5
import_tracker.go,5
tls_config.go,5
marshal.go,5
basepath.go,5
scannerc.go,5
callee.go,5
fastwalk_dirent_namlen_linux.go,5
require.go,5
require_forward.go,5
requirements.go,5
appendCombine_checker.go,5
assignOp_checker.go,5
caseOrder_checker.go,5
astset.go,5
coerce.go,5
lintutil.go,5
rangeValCopy_checker.go,5
typeSwitchVar_checker.go,5
underef_checker.go,5
walker.go,5
zerrors_aix_ppc.go,5
zerrors_aix_ppc64.go,5
zsyscall_linux_riscv64.go,5
zsysnum_linux_riscv64.go,5
commentedOutCode_checker.go,5
lintdsl.go,5
ssrf.go,5
table_marshal.go,5
table_unmarshal.go,5
mod_version.go,5
linecache.go,5
nilness.go,5
atomicalign.go,5
stdmethods.go,5
renameio_test.go,5
umask_test.go,5
checks.go,5
changelog.go,5
adapters.go,5
severity_rules_test.go,5
go-header_bad.go,5
exhaustive_generated.go,5
goconst_calls_enabled.go,5
predeclared_custom.go,5
forbidigo_include_godoc_examples_test.go,5
exhaustivestruct_custom.go,5
govet_ifaceassert.go,5
revive_default.go,5
linters_settings_gocritic.go,5
errorlint_comparison.go,5
ireturn_allow.go,5
ireturn_reject_stdlib.go,5
nlreturn-block-size.go,5
tenv_all.go,5
tenv_all_test.go,5
exhaustive_ignore_enum_members.go,5
errchkjson_check_error_free_encoding.go,5
html_test.go,5
testableexamples.go,5
musttag_custom.go,5
gosec_test.go,5
ginkgolinter_suppress_focused_containers.go,5
perfsprint_custom.go,5
misspell_test.go,5
exclusions.go,5
configuration_file_test.go,5
config_verify_test.go,5
invalid_issue_test.go,5
goheader_1.go,5
recvcheck.go,5
iface.go,5
linters_exclusions.go,5
exclusion_paths.go,5
exclusion_rules_test.go,5
migrate_linters_settings.go,5
thanks_test.go,5
wsl_v5.go,5
path_resolver_test.go,4
revgrep.go,4
mixpanel.go,4
connect.go,4
error_func.go,4
error_windows.go,4
guid.go,4
iconnectionpoint.go,4
iconnectionpoint_func.go,4
iconnectionpoint_windows.go,4
iconnectionpointcontainer.go,4
iconnectionpointcontainer_func.go,4
iconnectionpointcontainer_windows.go,4
idispatch_func.go,4
ienumvariant.go,4
ienumvariant_func.go,4
ienumvariant_windows.go,4
iinspectable.go,4
iinspectable_func.go,4
iinspectable_windows.go,4
iprovideclassinfo.go,4
iprovideclassinfo_func.go,4
iprovideclassinfo_windows.go,4
itypeinfo.go,4
itypeinfo_func.go,4
itypeinfo_windows.go,4
iunknown_func.go,4
iunknown_windows.go,4
ole.go,4
connection.go,4
connection_func.go,4
connection_windows.go,4
go-get.go,4
oleutil.go,4
safearray.go,4
safearrayslices.go,4
variables.go,4
variant_386.go,4
variant_amd64.go,4
variant_s390x.go,4
vt_string.go,4
winrt.go,4
winrt_doc.go,4
pointer_unsafe_gogo.go,4
rollbar.go,4
docker.go,4
colorable_windows.go,4
options.go,4
cpu_darwin_cgo.go,4
cpu_darwin_nocgo.go,4
cpu_freebsd_386.go,4
cpu_freebsd_amd64.go,4
host_darwin_386.go,4
host_darwin_amd64.go,4
host_fallback.go,4
host_freebsd.go,4
host_freebsd_386.go,4
host_freebsd_amd64.go,4
host_freebsd_arm.go,4
host_linux_386.go,4
host_linux_amd64.go,4
host_linux_arm.go,4
host_linux_arm64.go,4
host_linux_mips.go,4
host_linux_mips64.go,4
host_linux_mips64le.go,4
host_linux_mipsle.go,4
host_linux_ppc64le.go,4
host_linux_s390x.go,4
host_openbsd.go,4
host_openbsd_amd64.go,4
host_solaris.go,4
binary.go,4
mem_darwin_cgo.go,4
mem_darwin_nocgo.go,4
mem_fallback.go,4
mem_openbsd.go,4
mem_openbsd_amd64.go,4
process_darwin_386.go,4
process_darwin_amd64.go,4
process_freebsd_386.go,4
process_freebsd_amd64.go,4
process_freebsd_arm.go,4
process_openbsd_amd64.go,4
process_windows_386.go,4
process_windows_amd64.go,4
advapi32.go,4
comctl32.go,4
comdlg32.go,4
dwmapi.go,4
gdi32.go,4
gdiplus.go,4
istream.go,4
kernel32.go,4
ole32.go,4
oleaut32.go,4
opengl32.go,4
psapi.go,4
shell32.go,4
typedef.go,4
user32.go,4
vars.go,4
licenses.go,4
bool.go,4
terminal.go,4
util_linux.go,4
ctxhttp.go,4
dirent.go,4
fcntl.go,4
mkpost.go,4
race.go,4
syscall_openbsd_386.go,4
syscall_openbsd_amd64.go,4
syscall_openbsd_arm.go,4
types_dragonfly.go,4
types_solaris.go,4
zerrors_darwin_386.go,4
zerrors_darwin_amd64.go,4
zerrors_darwin_arm.go,4
zerrors_darwin_arm64.go,4
zerrors_freebsd_386.go,4
zerrors_freebsd_amd64.go,4
zerrors_freebsd_arm.go,4
zerrors_solaris_amd64.go,4
zsysctl_openbsd_386.go,4
zsysctl_openbsd_arm.go,4
zsysnum_netbsd_386.go,4
zsysnum_netbsd_amd64.go,4
zsysnum_netbsd_arm.go,4
zsysnum_openbsd_386.go,4
zsysnum_openbsd_amd64.go,4
zsysnum_openbsd_arm.go,4
ztypes_darwin_386.go,4
ztypes_darwin_amd64.go,4
ztypes_darwin_arm.go,4
ztypes_darwin_arm64.go,4
ztypes_netbsd_386.go,4
ztypes_netbsd_amd64.go,4
ztypes_netbsd_arm.go,4
ztypes_solaris_amd64.go,4
dll_windows.go,4
reader_util.go,4
timestamp.pb.go,4
rewrite.go,4
tags.go,4
dead.go,4
methodsetcache.go,4
ui.go,4
lint17.go,4
lint18.go,4
code.go,4
triegen.go,4
base.go,4
blacklist.go,4
hardcoded_credentials.go,4
rand.go,4
ssh.go,4
tls.go,4
unsafe.go,4
weakcrypto.go,4
max_per_file_from_linter_test.go,4
scanner.go,4
viper.go,4
trie.go,4
p.go,4
p_test.go,4
resolver_test.go,4
mockgen.go,4
words.go,4
cha.go,4
rta.go,4
glob.go,4
string_to_int.go,4
string_to_string.go,4
fastwalk_dirent_namlen_bsd.go,4
appendAssign_checker.go,4
defaultCaseOrder_checker.go,4
dupBranchBody_checker.go,4
dupCase_checker.go,4
flagDeref_checker.go,4
ifElseChain_checker.go,4
indexAlloc_checker.go,4
methodExprCall_checker.go,4
rangeExprCopy_checker.go,4
regexpMust_checker.go,4
singleCaseSwitch_checker.go,4
sloppyLen_checker.go,4
switchTrue_checker.go,4
unlabelStmt_checker.go,4
unslice_checker.go,4
local_comment_walker.go,4
aliases.go,4
ioctl.go,4
syscall_aix.go,4
syscall_linux_riscv64.go,4
zsyscall_aix_ppc.go,4
zsyscall_aix_ppc64.go,4
ztypes_aix_ppc.go,4
ztypes_aix_ppc64.go,4
builtinShadow_checker.go,4
checkers.go,4
docStub_checker.go,4
flagName_checker.go,4
unnamedResult_checker.go,4
wrapperFunc_checker.go,4
yodaStyleExpr_checker.go,4
arg.go,4
names.go,4
module.go,4
table_merge.go,4
zsyscall_darwin_386.1_11.go,4
zsyscall_darwin_amd64.1_11.go,4
zsyscall_darwin_arm.1_11.go,4
zsyscall_darwin_arm64.1_11.go,4
zsyscall_freebsd_arm64.go,4
zsyscall_netbsd_arm64.go,4
ztypes_freebsd_arm64.go,4
bools.go,4
buildssa.go,4
cgocall.go,4
bytebuffer.go,4
pool.go,4
forward.go,4
errorsas.go,4
hash_test.go,4
copy.go,4
hmac.go,4
notifications.go,4
admin_user.go,4
attachment.go,4
fork.go,4
git_hook.go,4
hook.go,4
issue_comment.go,4
issue_label.go,4
issue_milestone.go,4
issue_tracked_time.go,4
miscellaneous.go,4
org.go,4
org_member.go,4
org_team.go,4
org_type.go,4
pull.go,4
repo.go,4
repo_branch.go,4
repo_collaborator.go,4
repo_commit.go,4
repo_file.go,4
repo_key.go,4
repo_refs.go,4
repo_tag.go,4
repo_tree.go,4
repo_watch.go,4
user.go,4
user_app.go,4
user_email.go,4
user_gpgkey.go,4
user_key.go,4
core.go,4
request.go,4
sender.go,4
environments.go,4
time.go,4
convert.go,4
validation.go,4
funcs.go,4
helper.go,4
node.go,4
template.go,4
provider.go,4
metric.go,4
jsonvalue.go,4
env_config.go,4
ini.go,4
payload.go,4
unmarshal_error.go,4
customizations.go,4
model.go,4
event.go,4
event_types.go,4
projects.go,4
users.go,4
call_option.go,4
gax.go,4
gitlab.go,4
http.go,4
blob.go,4
nfpm.go,4
pipe.go,4
usage.go,4
events.go,4
settings.go,4
export.go,4
driver.go,4
kms.go,4
proxy.go,4
appengine.go,4
google.go,4
jwt.go,4
oauth2.go,4
value.go,4
adaptor.go,4
wrap.go,4
dial_appengine.go,4
identity.go,4
dns_resolver.go,4
autogen_exclude.go,4
testpackage_test.go,4
go-header_good.go,4
path_prefixer_test.go,4
forbidigo_example_test.go,4
gosec_rules_config.go,4
errorlint_asserts.go,4
importas_noalias.go,4
nilassign.go,4
tenv_test.go,4
gosec_severity_confidence.go,4
errchkjson_no_exported.go,4
rangeExprCopy.go,4
decorder_default.go,4
maintidx_under_100.go,4
tenv_go118.go,4
thelper_go118.go,4
thelper_with_options.go,4
builder_plugin_module.go,4
goheader_2.go,4
goheader_3.go,4
skip_dirs_test.go,4
githubaction.go,4
filen.go,4
prog.go,4
runner_action_cache.go,4
usetesting_go124.go,4
nilnesserr.go,4
exclusion_generated_file_filter.go,4
exclusion_paths_test.go,4
exclusion_presets.go,4
path_prettifier_test.go,4
migrate_linter_names.go,4
funcorder.go,4
embeddedstructfieldcheck.go,4
noinlineerr.go,4
bloop_test.go,4
reflecttypefor.go,4
slicescontains.go,4
linter_mock.go,3
exclude_processor.go,3
linter_test.go,3
bypass.go,3
bypasssafe.go,3
dump.go,3
color.go,3
duration_gogo.go,3
encode_gogo.go,3
extensions_gogo.go,3
lib_gogo.go,3
pointer_reflect_gogo.go,3
properties_gogo.go,3
timestamp_gogo.go,3
colorable_appengine.go,3
colorable_others.go,3
noncolorable.go,3
isatty_bsd.go,3
isatty_others.go,3
isatty_solaris.go,3
alt_exit.go,3
exported.go,3
json_formatter.go,3
logrus.go,3
terminal_check_appengine.go,3
terminal_check_notappengine.go,3
text_formatter.go,3
bash_completions.go,3
cobra.go,3
command.go,3
command_win.go,3
zsh_completions.go,3
bool_slice.go,3
count.go,3
duration_slice.go,3
int_slice.go,3
ip_slice.go,3
string_array.go,3
string_slice.go,3
uint_slice.go,3
forward_assertions.go,3
http_assertions.go,3
util_plan9.go,3
util_solaris.go,3
util_windows.go,3
affinity_linux.go,3
bluetooth_linux.go,3
endian_little.go,3
env_unix.go,3
gccgo.go,3
openbsd_pledge.go,3
pagesize_unix.go,3
sockcmsg_linux.go,3
syscall_dragonfly_amd64.go,3
syscall_freebsd_386.go,3
syscall_freebsd_amd64.go,3
syscall_freebsd_arm.go,3
syscall_netbsd_386.go,3
syscall_netbsd_amd64.go,3
syscall_netbsd_arm.go,3
syscall_solaris_amd64.go,3
syscall_unix_gc.go,3
timestruct.go,3
types_netbsd.go,3
zsysnum_darwin_386.go,3
zsysnum_darwin_amd64.go,3
zsysnum_darwin_arm.go,3
zsysnum_darwin_arm64.go,3
zsysnum_dragonfly_amd64.go,3
env_windows.go,3
diff.pb.go,3
fakecontext.go,3
overlay.go,3
cgo_pkgconfig.go,3
rangeloop.go,3
const15.go,3
buildtree.go,3
plumbing.go,3
suffixtree.go,3
golang.go,3
kind_string.go,3
width.go,3
big.go,3
adjcmartix.go,3
bindata.go,3
entropyCalculator.go,3
frequency.go,3
dateMatchers.go,3
dictionaryMatch.go,3
leet.go,3
matching.go,3
repeatMatch.go,3
sequenceMatch.go,3
spatialMatch.go,3
scoring.go,3
mathutils.go,3
zxcvbn.go,3
integrate.go,3
rangecheck.go,3
decode_hooks.go,3
mapstructure.go,3
toml.go,3
tomltree_write.go,3
cast.go,3
caste.go,3
composition.go,3
forminfo.go,3
iter.go,3
normalize.go,3
readwriter.go,3
yaml.go,3
yamlh.go,3
typecheck_test.go,3
run_config.go,3
program.go,3
goutils.go,3
ascii.go,3
legal.go,3
mime.go,3
notwords.go,3
replace.go,3
stringreplacer.go,3
newInterface11.go,3
log_mock.go,3
nolint_bad_names.go,3
skip.go,3
forward_requirements.go,3
type_expr_walker.go,3
checkers_db.go,3
lintpack.go,3
dev_aix_ppc.go,3
dev_aix_ppc64.go,3
syscall_aix_ppc.go,3
syscall_aix_ppc64.go,3
types_aix.go,3
xattr_bsd.go,3
homedir.go,3
captLocal_checker.go,3
commentedOutImport_checker.go,3
dupSubExpr_checker.go,3
elseif_checker.go,3
emptyFallthrough_checker.go,3
emptyStringTest_checker.go,3
hugeParam_checker.go,3
importShadow_checker.go,3
initClause_checker.go,3
nestingReduce_checker.go,3
nilValReturn_checker.go,3
offBy1_checker.go,3
paramTypeCombine_checker.go,3
ptrToRefParam_checker.go,3
sloppyReassign_checker.go,3
typeUnparen_checker.go,3
unnecessaryBlock_checker.go,3
valSwap_checker.go,3
ssautil.go,3
commentFormatting_checker.go,3
equalFold_checker.go,3
iexport.go,3
syscall_darwin_libSystem.go,3
syscall_freebsd_arm64.go,3
syscall_netbsd_arm64.go,3
zerrors_freebsd_arm64.go,3
zerrors_netbsd_arm64.go,3
zsyscall_aix_ppc64_gc.go,3
zsyscall_aix_ppc64_gccgo.go,3
zsysnum_freebsd_arm64.go,3
ztypes_netbsd_arm64.go,3
ctrlflow.go,3
inspect.go,3
loopclosure.go,3
unreachable.go,3
inspector.go,3
implements.go,3
nolint_whole_file.go,3
diagnostic.go,3
mod_cache.go,3
zerrors_openbsd_arm64.go,3
zsyscall_openbsd_arm64.go,3
mock_log.go,3
guard.go,3
purity.go,3
labels.go,3
deepequalerrors.go,3
findcall.go,3
pkgfact.go,3
argument.go,3
condition.go,3
operation.go,3
return.go,3
section.go,3
config_gocritic_test.go,3
nolint_unused.go,3
hello.go,3
runner_facts.go,3
util_test.go,3
ireturn_default.go,3
dup.go,3
analysis_test.go,3
logrlint.go,3
path_unix.go,3
path_windows.go,3
runner_unix.go,3
runner_windows.go,3
loggercheck_default.go,3
logrlint_compatiblity.go,3
paralleltest_custom.go,3
gosmopolitan_dont_ignore_test.go,3
gosmopolitan_ignore_test.go,3
usestdlibvars_non_default.go,3
sloglint_no_raw_keys.go,3
sloglint_context_only.go,3
spancheck_enable_all.go,3
copyloopvar_custom.go,3
plugins.go,3
builder_test.go,3
configuration_test.go,3
linters_settings_test.go,3
lll_import_multi.go,3
lll_import_single.go,3
tenv_fuzz.go,3
copyloopvar_integration_test.go,3
dupword_integration_test.go,3
err113_integration_test.go,3
errorlint_integration_test.go,3
fatcontext_integration_test.go,3
gosimple_integration_test.go,3
govet_integration_test.go,3
importas_integration_test.go,3
intrange_integration_test.go,3
nakedret_integration_test.go,3
nlreturn_integration_test.go,3
perfsprint_integration_test.go,3
revive_integration_test.go,3
staticcheck_integration_test.go,3
stylecheck_integration_test.go,3
testifylint_integration_test.go,3
usestdlibvars_integration_test.go,3
whitespace_integration_test.go,3
wsl_integration_test.go,3
install.go,3
extract_test.go,3
canonicalheader_test.go,3
iface_integration_test.go,3
mmap.go,3
mmap_windows.go,3
testenv_notwin.go,3
testenv_windows.go,3
usetesting_go124_configuration.go,3
usetesting_integration_test.go,3
ndiff.go,3
gofmt_cgo.go,3
gomodguard_cgo.go,3
noctx_cgo.go,3
stylecheck_cgo.go,3
exptostd_integration_test.go,3
exptostd_go123.go,3
exptostd_go123_cgo.go,3
path_absoluter.go,3
exclusion_generated_file_filter_test.go,3
path_relativity.go,3
standard_list.go,3
migrate_formatters.go,3
migrate_linters.go,3
help_formatters.go,3
help_linters.go,3
arangolint.go,3
wsl_v4.go,3
modernize.go,3
fmtappendf.go,3
forvar.go,3
stditerators.go,3
stringscutprefix.go,3
waitgroup.go,3
command_line.go,2
errcheck_test.go,2
golint_test.go,2
max_per_file_processor.go,2
uniq_by_line_processor.go,2
result.go,2
spew.go,2
decode_gogo.go,2
skip_gogo.go,2
text_gogo.go,2
amplitude.go,2
executor_mock.go,2
shell.go,2
temp_dir_shell.go,2
runmode.go,2
trap_others.go,2
trap_windows.go,2
trap_windows_1.4.go,2
isatty_appengine.go,2
isatty_linux_ppc64x.go,2
isatty_windows.go,2
difflib.go,2
agent.go,2
hooks.go,2
terminal_bsd.go,2
terminal_linux.go,2
license_agpl.go,2
license_apache_2.go,2
license_bsd_clause_2.go,2
license_bsd_clause_3.go,2
license_gpl_2.go,2
license_gpl_3.go,2
license_lgpl.go,2
license_mit.go,2
command_notwin.go,2
float32.go,2
float64.go,2
golangflag.go,2
int16.go,2
int32.go,2
int64.go,2
int8.go,2
ip.go,2
ipmask.go,2
ipnet.go,2
uint.go,2
uint16.go,2
uint32.go,2
uint64.go,2
uint8.go,2
util_bsd.go,2
ctxhttp_pre17.go,2
cap_freebsd.go,2
dev_darwin.go,2
dev_dragonfly.go,2
dev_freebsd.go,2
dev_linux.go,2
dev_netbsd.go,2
dev_openbsd.go,2
endian_big.go,2
errors_freebsd_386.go,2
errors_freebsd_amd64.go,2
errors_freebsd_arm.go,2
fcntl_linux_32bit.go,2
gccgo_linux_amd64.go,2
syscall_linux_amd64_gc.go,2
syscall_linux_gc.go,2
zptrace386_linux.go,2
zptracearm_linux.go,2
zptracemips_linux.go,2
zptracemipsle_linux.go,2
eventlog.go,2
exec_windows.go,2
memory_windows.go,2
types_windows_386.go,2
types_windows_amd64.go,2
html.pb.go,2
rawmessage.go,2
void.pb.go,2
enclosing.go,2
allpackages.go,2
method.go,2
importer.go,2
exportdata.go,2
isAlias18.go,2
isAlias19.go,2
simplify.go,2
nolint_processor.go,2
go13.go,2
go14-15.go,2
go16-18.go,2
match18.go,2
tool.go,2
compact.go,2
ucd.go,2
cldr.go,2
collate.go,2
makexml.go,2
xml.go,2
gen_common.go,2
gen_trieval.go,2
nolint_autogenerated.go,2
fen.go,2
fsnotify.go,2
inotify.go,2
inotify_poller.go,2
kqueue.go,2
open_mode_bsd.go,2
open_mode_darwin.go,2
windows.go,2
decoder.go,2
hcl.go,2
nodes.go,2
quote.go,2
flatten.go,2
keysparsing.go,2
tomltree_create.go,2
afero.go,2
cacheOnReadFs.go,2
const_bsds.go,2
const_win_unix.go,2
copyOnWriteFs.go,2
httpFs.go,2
ioutil.go,2
lstater.go,2
dir.go,2
dirmap.go,2
memmap.go,2
os.go,2
readonlyfs.go,2
regexpfs.go,2
unionFile.go,2
default_notepad.go,2
log_counter.go,2
notepad.go,2
input.go,2
maketables.go,2
apic.go,2
emitterc.go,2
parserc.go,2
readerc.go,2
sorter.go,2
writerc.go,2
yamlprivateh.go,2
process_solaris.go,2
process_unix.go,2
nolint_autogenerated_alt_hdr2.go,2
autogenerated.go,2
out.go,2
nolint2.go,2
newInterface10.go,2
import.go,2
compiler.go,2
any_of.go,2
btree.go,2
contains.go,2
every_of.go,2
list.go,2
max.go,2
min.go,2
nothing.go,2
prefix.go,2
prefix_any.go,2
prefix_suffix.go,2
range.go,2
row.go,2
segments.go,2
single.go,2
suffix.go,2
suffix_any.go,2
super.go,2
runes.go,2
golist_fallback_testmain.go,2
doc_comment_walker.go,2
expr_walker.go,2
func_decl_walker.go,2
local_def_visitor.go,2
local_def_walker.go,2
local_expr_walker.go,2
stmt_list_walker.go,2
stmt_walker.go,2
walk_handler.go,2
parameters.go,2
astcast.go,2
astcast_generate.go,2
astcopy.go,2
astequal.go,2
astfmt.go,2
decl.go,2
expr.go,2
stmt.go,2
predicates.go,2
safeExpr.go,2
simplePredicates.go,2
simplePredicates_generate.go,2
syscall_linux_gc_386.go,2
syscall_linux_gccgo_386.go,2
syscall_linux_gccgo_arm.go,2
strparse.go,2
decode_meta.go,2
encoding_types.go,2
encoding_types_1.1.go,2
type_check.go,2
type_fields.go,2
badCond_checker.go,2
exitAfterDefer_checker.go,2
astfind.go,2
astflow.go,2
weakCond_checker.go,2
comment_walker.go,2
argOrder_checker.go,2
codegenComment_checker.go,2
hexLiteral_checker.go,2
octalLiteral_checker.go,2
stringXbytes_checker.go,2
typeAssertChain_checker.go,2
custom_gogo.go,2
table_marshal_gogo.go,2
table_unmarshal_gogo.go,2
replacement_builder.go,2
util_aix.go,2
fcntl_darwin.go,2
mkasm_darwin.go,2
mksyscall_aix_ppc.go,2
mksyscall_aix_ppc64.go,2
mksyscall_solaris.go,2
mksysnum.go,2
syscall_unix_gc_ppc64x.go,2
zsysnum_netbsd_arm64.go,2
types_windows_arm.go,2
unusedresult.go,2
typeof.go,2
badCall_checker.go,2
dupImports_checker.go,2
evalOrder_checker.go,2
zero_value.go,2
newDeref_checker.go,2
htmlescapewriter.go,2
jsonstring.go,2
urlencode.go,2
util_appengine.go,2
util_noappengine.go,2
rootchecker.go,2
minimalpkg.go,2
regexpPattern_checker.go,2
assertion_order.go,2
pledge_openbsd.go,2
readdirent_getdents.go,2
readdirent_getdirentries.go,2
syscall_openbsd_arm64.go,2
unveil_openbsd.go,2
zsysctl_openbsd_arm64.go,2
zsysnum_openbsd_arm64.go,2
ztypes_openbsd_arm64.go,2
zerrors_windows.go,2
zknownfolderids_windows.go,2
variant_date_386.go,2
variant_date_amd64.go,2
variant_ppc64le.go,2
wrappers_gogo.go,2
sequences.go,2
isatty_android.go,2
isatty_tcgets.go,2
terminal_check_bsd.go,2
terminal_check_no_terminal.go,2
terminal_check_solaris.go,2
terminal_check_unix.go,2
terminal_check_windows.go,2
powershell_completions.go,2
shell_completions.go,2
objectpath.go,2
stats_bsd.go,2
stats_posix.go,2
knowledge.go,2
edge.go,2
edgekind_string.go,2
buildinfo.go,2
buildinfo111.go,2
float32_slice.go,2
float64_slice.go,2
int32_slice.go,2
int64_slice.go,2
string_to_int64.go,2
cpu_freebsd_arm.go,2
annotate.go,2
optional.go,2
key_management_client.go,2
acl.go,2
bucket.go,2
go110.go,2
not_go110.go,2
storage.go,2
git_blob.go,2
lfs_lock.go,2
admin_org.go,2
admin_repo.go,2
user_follow.go,2
user_search.go,2
defaultlog.go,2
defaultlog_syslog.go,2
defaultlog_windows.go,2
progress.go,2
response.go,2
models.go,2
access_conditions.go,2
atomicmorph.go,2
highlevel.go,2
parsing_urls.go,2
sas_service.go,2
service_codes_blob.go,2
storage_account_credential.go,2
url_append_blob.go,2
url_blob.go,2
url_block_blob.go,2
url_container.go,2
url_page_blob.go,2
url_service.go,2
user_delegation_credential.go,2
zc_credential_anonymous.go,2
zc_credential_shared_key.go,2
zc_credential_token.go,2
zc_mmf_unix.go,2
zc_mmf_windows.go,2
zc_pipeline.go,2
zc_policy_request_log.go,2
zc_policy_retry.go,2
zc_policy_telemetry.go,2
zc_policy_unique_request_id.go,2
zc_retry_reader.go,2
zc_sas_account.go,2
zc_sas_query_params.go,2
zc_service_codes_common.go,2
zc_storage_error.go,2
zc_util_validate.go,2
zc_uuid.go,2
zt_doc.go,2
zz_generated_append_blob.go,2
zz_generated_blob.go,2
zz_generated_block_blob.go,2
zz_generated_client.go,2
zz_generated_container.go,2
zz_generated_models.go,2
zz_generated_page_blob.go,2
zz_generated_responder_policy.go,2
zz_generated_response_error.go,2
zz_generated_service.go,2
zz_generated_validation.go,2
zz_generated_version.go,2
zz_response_helpers.go,2
devicetoken.go,2
persist.go,2
authorization.go,2
autorest.go,2
async.go,2
auth.go,2
azure.go,2
profile.go,2
metadata_environment.go,2
rp.go,2
date.go,2
timerfc1123.go,2
unixtime.go,2
preparer.go,2
responder.go,2
retriablerequest.go,2
retriablerequest_1.7.go,2
retriablerequest_1.8.go,2
tracing.go,2
collection.go,2
constraints.go,2
version_fuzz.go,2
exec.go,2
si.go,2
cli.go,2
levels.go,2
path_value.go,2
prettify.go,2
string_value.go,2
default_retryer.go,2
client_info.go,2
context_1_5.go,2
context_1_9.go,2
context_background_1_5.go,2
context_background_1_7.go,2
context_sleep.go,2
convert_types.go,2
param_validator.go,2
user_agent.go,2
chain_provider.go,2
ec2_role_provider.go,2
env_provider.go,2
shared_credentials_provider.go,2
static_provider.go,2
assume_role_provider.go,2
web_identity_provider.go,2
enable.go,2
metric_chan.go,2
metric_exception.go,2
reporter.go,2
dep_service_ids.go,2
endpoints.go,2
v3model.go,2
v3model_codegen.go,2
connection_reset_error.go,2
http_request.go,2
offset_reader.go,2
request_1_7.go,2
request_1_8.go,2
request_context.go,2
request_context_1_6.go,2
request_pagination.go,2
retryer.go,2
timeout_read_closer.go,2
waiter.go,2
cabundle_transport.go,2
cabundle_transport_1_5.go,2
cabundle_transport_1_6.go,2
session.go,2
header_rules.go,2
uri_path.go,2
v4.go,2
url_1_7.go,2
comma_token.go,2
comment_token.go,2
empty_token.go,2
expression.go,2
ini_lexer.go,2
ini_parser.go,2
literal_tokens.go,2
newline_token.go,2
number_helper.go,2
op_tokens.go,2
parse_error.go,2
parse_stack.go,2
sep_tokens.go,2
skipper.go,2
statement.go,2
value_util.go,2
ws_token.go,2
io_go1.6.go,2
io_go1.7.go,2
floor.go,2
floor_go1.9.go,2
locked_source.go,2
ecs_container.go,2
debug.go,2
header_value.go,2
message.go,2
host_prefix.go,2
idempotency.go,2
jsonrpc.go,2
queryutil.go,2
restxml.go,2
xml_to_struct.go,2
body_hash.go,2
bucket_location.go,2
doc_custom.go,2
host_style_bucket.go,2
platform_handlers.go,2
platform_handlers_go1.6.go,2
batch.go,2
bucket_region.go,2
download.go,2
upload.go,2
upload_input.go,2
sse.go,2
statusok_error.go,2
waiters.go,2
ctrlc.go,2
unique.go,2
claims.go,2
ecdsa.go,2
ecdsa_utils.go,2
map_claims.go,2
none.go,2
rsa_pss.go,2
rsa_utils.go,2
signing_method.go,2
utfbom.go,2
lru.go,2
reflect.go,2
descriptor.pb.go,2
any.pb.go,2
duration.pb.go,2
activity.go,2
activity_events.go,2
activity_notifications.go,2
activity_star.go,2
activity_watching.go,2
admin.go,2
admin_stats.go,2
apps.go,2
apps_installation.go,2
apps_marketplace.go,2
authorizations.go,2
gists.go,2
gists_comments.go,2
git_blobs.go,2
git_commits.go,2
git_refs.go,2
git_tags.go,2
git_trees.go,2
github-accessors.go,2
gitignore.go,2
interactions.go,2
interactions_orgs.go,2
interactions_repos.go,2
issues_assignees.go,2
issues_comments.go,2
issues_events.go,2
issues_labels.go,2
issues_milestones.go,2
issues_timeline.go,2
messages.go,2
migrations.go,2
migrations_source_import.go,2
migrations_user.go,2
misc.go,2
orgs.go,2
orgs_hooks.go,2
orgs_members.go,2
orgs_outside_collaborators.go,2
orgs_projects.go,2
orgs_users_blocking.go,2
pulls.go,2
pulls_comments.go,2
pulls_reviewers.go,2
pulls_reviews.go,2
reactions.go,2
repos.go,2
repos_collaborators.go,2
repos_comments.go,2
repos_commits.go,2
repos_community_health.go,2
repos_contents.go,2
repos_deployments.go,2
repos_forks.go,2
repos_hooks.go,2
repos_invitations.go,2
repos_keys.go,2
repos_merging.go,2
repos_pages.go,2
repos_prereceive_hooks.go,2
repos_projects.go,2
repos_releases.go,2
repos_stats.go,2
repos_statuses.go,2
repos_traffic.go,2
teams.go,2
teams_discussion_comments.go,2
teams_discussions.go,2
teams_members.go,2
users_administration.go,2
users_blocking.go,2
users_emails.go,2
users_followers.go,2
users_gpg_keys.go,2
users_keys.go,2
with_appengine.go,2
without_appengine.go,2
dce.go,2
node_js.go,2
node_net.go,2
uuid.go,2
version1.go,2
version4.go,2
wire.go,2
shell_equinoxio.go,2
shell_godownloader.go,2
shell_raw.go,2
shellfn.go,2
treewalk.go,2
artifact.go,2
targets.go,2
gitea.go,2
deprecate.go,2
ids.go,2
arch.go,2
logging.go,2
middleware.go,2
artifactory.go,2
before.go,2
openbucket.go,2
brew.go,2
checksums.go,2
dist.go,2
project.go,2
publish.go,2
put.go,2
body.go,2
remote.go,2
awssession.go,2
s3.go,2
scoop.go,2
sign.go,2
snapcraft.go,2
snapshot.go,2
pipeline.go,2
sem.go,2
tmpl.go,2
gzip.go,2
targz.go,2
zip.go,2
deb.go,2
rpm.go,2
merge.go,2
mergo.go,2
astnodetype_string.go,2
interpreter.go,2
toktype_string.go,2
strategy.go,2
GetProxyFunc.go,2
ieproxy.go,2
ieproxy_unix.go,2
ieproxy_windows.go,2
kernel32_data_windows.go,2
pac_unix.go,2
pac_windows.go,2
proxyMiddleman_unix.go,2
proxyMiddleman_windows.go,2
winhttp_data_windows.go,2
zglob.go,2
access_requests.go,2
award_emojis.go,2
boards.go,2
branches.go,2
broadcast_messages.go,2
ci_yml_templates.go,2
commits.go,2
custom_attributes.go,2
deploy_keys.go,2
deployments.go,2
discussions.go,2
epics.go,2
event_parsing.go,2
feature_flags.go,2
gitignore_templates.go,2
group_badges.go,2
group_boards.go,2
group_labels.go,2
group_members.go,2
group_milestones.go,2
group_variables.go,2
groups.go,2
issue_links.go,2
jobs.go,2
keys.go,2
license.go,2
license_templates.go,2
merge_request_approvals.go,2
merge_requests.go,2
milestones.go,2
namespaces.go,2
notes.go,2
pages_domains.go,2
pipeline_schedules.go,2
pipeline_triggers.go,2
pipelines.go,2
project_badges.go,2
project_clusters.go,2
project_import_export.go,2
project_members.go,2
project_snippets.go,2
project_variables.go,2
protected_branches.go,2
protected_tags.go,2
registry.go,2
releaselinks.go,2
releases.go,2
repositories.go,2
repository_files.go,2
resource_label_events.go,2
services.go,2
sidekiq_metrics.go,2
snippets.go,2
system_hooks.go,2
time_stats.go,2
todos.go,2
wikis.go,2
sanitize.go,2
tagencoding.go,2
traceinternals.go,2
exemplar.go,2
label.go,2
point.go,2
type_string.go,2
unit.go,2
producer.go,2
opencensus.go,2
client_metrics.go,2
client_stats_handler.go,2
server_metrics.go,2
server_stats_handler.go,2
stats_common.go,2
trace_common.go,2
client_stats.go,2
b3.go,2
route.go,2
span_annotating_client_trace.go,2
wrapped_body.go,2
resource.go,2
measure.go,2
measure_float64.go,2
measure_int64.go,2
units.go,2
aggregation.go,2
aggregation_data.go,2
collector.go,2
view.go,2
view_to_metric.go,2
worker.go,2
worker_commands.go,2
map_codec.go,2
profile_19.go,2
profile_not19.go,2
basetypes.go,2
evictedqueue.go,2
lrumap.go,2
propagation.go,2
sampling.go,2
spanbucket.go,2
spanstore.go,2
status_codes.go,2
trace_go11.go,2
trace_nongo11.go,2
tracestate.go,2
aws.go,2
azureblob.go,2
gcsblob.go,2
s3blob.go,2
gcp.go,2
escape.go,2
errorcode_string.go,2
gcerr.go,2
metrics.go,2
openurl.go,2
useragent.go,2
akv.go,2
secrets.go,2
bmp-string.go,2
crypto.go,2
rc2.go,2
mac.go,2
pbkdf.go,2
pkcs12.go,2
safebags.go,2
guts.go,2
httplex.go,2
ciphers.go,2
client_conn_pool.go,2
databuffer.go,2
flow.go,2
go111.go,2
gotrack.go,2
headermap.go,2
hpack.go,2
huffman.go,2
tables.go,2
http2.go,2
not_go111.go,2
writesched.go,2
writesched_priority.go,2
writesched_random.go,2
idna10.0.0.go,2
idna9.0.0.go,2
punycode.go,2
timeseries.go,2
histogram.go,2
appengine_gen1.go,2
appengine_gen2_flex.go,2
sdk.go,2
client_appengine.go,2
jws.go,2
errgroup.go,2
bidirule.go,2
bidirule10.0.0.go,2
bidirule9.0.0.go,2
bidi.go,2
bracket.go,2
prop.go,2
goimports_gc.go,2
goimports_not_gc.go,2
buffer.go,2
jsonfloat.go,2
media.go,2
params.go,2
resumable.go,2
send.go,2
googleapi.go,2
uritemplates.go,2
apikey.go,2
creds.go,2
iterator.go,2
credentials_go19.go,2
credentials_notgo19.go,2
option.go,2
storage-gen.go,2
dial_socketopt.go,2
not_go19.go,2
appengine_vm.go,2
api_classic.go,2
api_common.go,2
app_id.go,2
app_identity_service.pb.go,2
api_base.pb.go,2
datastore_v3.pb.go,2
identity_classic.go,2
identity_flex.go,2
identity_vm.go,2
log_service.pb.go,2
main_common.go,2
main_vm.go,2
modules_service.pb.go,2
remote_api.pb.go,2
socket_service.pb.go,2
transaction.go,2
urlfetch_service.pb.go,2
namespace.go,2
socket_classic.go,2
socket_vm.go,2
timeout.go,2
urlfetch.go,2
annotations.pb.go,2
client.pb.go,2
field_behavior.pb.go,2
http.pb.go,2
resource.pb.go,2
resources.pb.go,2
service.pb.go,2
iam_policy.pb.go,2
options.pb.go,2
policy.pb.go,2
code.pb.go,2
status.pb.go,2
expr.pb.go,2
field_mask.pb.go,2
load_balancer.pb.go,2
grpclb.go,2
grpclb_config.go,2
grpclb_picker.go,2
grpclb_remote_balancer.go,2
grpclb_util.go,2
roundrobin.go,2
balancer_conn_wrappers.go,2
balancer_v1_wrapper.go,2
binarylog.pb.go,2
clientconn.go,2
codec.go,2
code_string.go,2
codes.go,2
connectivity.go,2
alts.go,2
authinfo.go,2
aeadrekey.go,2
aes128gcm.go,2
aes128gcmrekey.go,2
counter.go,2
handshaker.go,2
altscontext.pb.go,2
handshaker.pb.go,2
transport_security_common.pb.go,2
syscallconn.go,2
syscallconn_appengine.go,2
oauth.go,2
tls13.go,2
dialoptions.go,2
encoding.go,2
proto.go,2
grpclog.go,2
loggerv2.go,2
interceptor.go,2
binarylog.go,2
binarylog_testutil.go,2
method_logger.go,2
sink.go,2
types_nonlinux.go,2
util_nonlinux.go,2
envconfig.go,2
grpcrand.go,2
syscall_nonlinux.go,2
bdp_estimator.go,2
controlbuf.go,2
flowcontrol.go,2
handler_server.go,2
http2_client.go,2
http2_server.go,2
http_util.go,2
keepalive.go,2
naming.go,2
peer.go,2
picker_wrapper.go,2
pickfirst.go,2
preloader.go,2
passthrough.go,2
resolver_conn_wrapper.go,2
rpc_util.go,2
service_config.go,2
serviceconfig.go,2
stream.go,2
tap.go,2
actions.go,2
app.go,2
cmd.go,2
completions.go,2
envar.go,2
global.go,2
guesswidth.go,2
guesswidth_unix.go,2
parsers.go,2
values.go,2
values_generated.go,2
accessors.go,2
conversions.go,2
mutations.go,2
security.go,2
type_specific.go,2
type_specific_codegen.go,2
pprof.go,2
flock.go,2
flock_unix.go,2
flock_winapi.go,2
flock_windows.go,2
autogen_exclude_doc.go,2
gotenv.go,2
data_source.go,2
struct.go,2
truncateCmp_checker.go,2
whyNoLint_checker.go,2
rowserr.go,2
mapKey_checker.go,2
testinggoroutine.go,2
loadmode_string.go,2
edit.go,2
stub.go,2
buildir.go,2
exits.go,2
pattern.go,2
report.go,2
testpackage_internal_test.go,2
exclude_rules_case_sensitive.go,2
sliceutil.go,2
sliceutil_test.go,2
missing_subtest_test.go,2
missing_toplevel_test.go,2
nolint_apply_to_unknown.go,2
linters_settings_gocritic_test.go,2
strings_simplify.go,2
exhaustive_checking_strategy_name.go,2
exhaustive_checking_strategy_value.go,2
runner_loadingpackage_ti.go,2
runner_loadingpackage_ti_go117.go,2
all.go,2
tparallel_happy_path_test.go,2
tparallel_missing_subtest_test.go,2
tparallel_missing_toplevel_test.go,2
reassign_patterns.go,2
govet_custom_formatter.go,2
loggercheck_custom.go,2
loggercheck_kitlogonly.go,2
loggercheck_logronly.go,2
loggercheck_noprintflike.go,2
loggercheck_requirestringkey.go,2
loggercheck_zaponly.go,2
testableexamples_test.go,2
files.go,2
gosmopolitan_allow_time_local.go,2
gosmopolitan_escape_hatches.go,2
gosmopolitan_scripts.go,2
tagalign_align_only.go,2
tagalign_order_only.go,2
tagalign_sort_only.go,2
gosec_global_option.go,2
ireturn_reject_generics.go,2
forbidigo_struct_config.go,2
tagalign_strict.go,2
dupword_ignore_the.go,2
test.pb.go,2
test_grpc.pb.go,2
sloglint_args_on_sep_lines.go,2
sloglint_attr_only.go,2
sloglint_kv_only.go,2
sloglint_key_naming_case.go,2
sloglint_static_msg.go,2
inamedparam_skip_single_param.go,2
spancheck_default.go,2
preferWriteString.go,2
stringsSimplify.go,2
misspell_custom.go,2
go-header_1.go,2
go-header_2.go,2
go-header_3.go,2
vibra.go,2
decorder_custom.go,2
goheader_bad.go,2
goheader_good.go,2
testifylint_bool_compare_only.go,2
testifylint_require_error_only.go,2
thelper_fuzz.go,2
package_test.go,2
asasalint_integration_test.go,2
asciicheck_integration_test.go,2
bidichk_integration_test.go,2
bodyclose_integration_test.go,2
containedctx_integration_test.go,2
contextcheck_integration_test.go,2
cyclop_integration_test.go,2
decorder_integration_test.go,2
depguard_integration_test.go,2
dogsled_integration_test.go,2
dupl_integration_test.go,2
durationcheck_integration_test.go,2
errcheck_integration_test.go,2
errchkjson_integration_test.go,2
errname_integration_test.go,2
execinquery_integration_test.go,2
exhaustive_integration_test.go,2
exhaustruct_integration_test.go,2
exportloopref_integration_test.go,2
forbidigo_integration_test.go,2
forcetypeassert_integration_test.go,2
funlen_integration_test.go,2
gci_integration_test.go,2
ginkgolinter_integration_test.go,2
gocheckcompilerdirectives_integration_test.go,2
gochecknoglobals_integration_test.go,2
gochecknoinits_integration_test.go,2
gochecksumtype_integration_test.go,2
gocognit_integration_test.go,2
goconst_integration_test.go,2
gocritic_integration_test.go,2
gocyclo_integration_test.go,2
godot_integration_test.go,2
godox_integration_test.go,2
gofmt_integration_test.go,2
gofumpt_integration_test.go,2
goheader_integration_test.go,2
goimports_integration_test.go,2
gomodguard_integration_test.go,2
goprintffuncname_integration_test.go,2
gosec_integration_test.go,2
gosmopolitan_integration_test.go,2
grouper_integration_test.go,2
inamedparam_integration_test.go,2
ineffassign_integration_test.go,2
interfacebloat_integration_test.go,2
ireturn_integration_test.go,2
lll_integration_test.go,2
loggercheck_integration_test.go,2
maintidx_integration_test.go,2
makezero_integration_test.go,2
mirror_integration_test.go,2
misspell_integration_test.go,2
mnd_integration_test.go,2
musttag_integration_test.go,2
nestif_integration_test.go,2
nilerr_integration_test.go,2
nilnil_integration_test.go,2
noctx_integration_test.go,2
nonamedreturns_integration_test.go,2
nosprintfhostport_integration_test.go,2
paralleltest_integration_test.go,2
prealloc_integration_test.go,2
predeclared_integration_test.go,2
promlinter_integration_test.go,2
protogetter_integration_test.go,2
reassign_integration_test.go,2
rowserrcheck_integration_test.go,2
sloglint_integration_test.go,2
spancheck_integration_test.go,2
sqlclosecheck_integration_test.go,2
tagalign_integration_test.go,2
tagliatelle_integration_test.go,2
tenv_integration_test.go,2
testableexamples_integration_test.go,2
testpackage_integration_test.go,2
thelper_integration_test.go,2
tparallel_integration_test.go,2
unconvert_integration_test.go,2
unparam_integration_test.go,2
unused_integration_test.go,2
varnamelen_integration_test.go,2
wastedassign_integration_test.go,2
wrapcheck_integration_test.go,2
zerologlint_integration_test.go,2
extract.go,2
githubaction_test.go,2
sloglint_forbidden_keys.go,2
testifylint_formatter_only.go,2
tenv_default.go,2
tenv_default_test.go,2
recvcheck_integration_test.go,2
iface_all.go,2
iface_default.go,2
iface_identical.go,2
iface_opaque.go,2
iface_unused.go,2
filen_integration_test.go,2
filen_ignore_comments.go,2
filen_max_lines.go,2
filen_min_lines.go,2
cache_gcil.go,2
default_gcil.go,2
hash_gcil.go,2
mmap_other.go,2
mmap_unix.go,2
quoted.go,2
quoted_test.go,2
testenv.go,2
testenv_notunix.go,2
testenv_unix.go,2
usetesting_configuration.go,2
common_test.go,2
old.go,2
old_test.go,2
unified.go,2
exportloopref_cgo.go,2
funlen_cgo.go,2
ginkgolinter_cgo.go,2
godot_cgo.go,2
gosimple_cgo.go,2
iface_cgo.go,2
misspell_cgo.go,2
nolintlint_integration_test.go,2
nosprintfhostport_cgo.go,2
paralleltest_cgo.go,2
prealloc_cgo.go,2
staticcheck_cgo.go,2
testifylint_cgo.go,2
unparam_cgo.go,2
unused_cgo.go,2
goheader_4.go,2
nilnesserr_integration_test.go,2
exptostd_cgo.go,2
gofmt_too_many_empty_lines.go,2
gofumpt_too_many_empty_lines.go,2
gocritic_configDir.go,2
gci_go124.go,2
exclusion_generated_file_matcher.go,2
exclusion_generated_file_matcher_test.go,2
golines_integration_test.go,2
output_formats.go,2
cloner.go,2
fakeloader.go,2
migrate_issues.go,2
migrate_linter_names_test.go,2
migrate_linters_exclusions.go,2
migrate_output.go,2
migrate_run.go,2
migrate_severity.go,2
migrate_test.go,2
base_loader.go,2
golines-custom.go,2
gocritic_settings.go,2
mnd_custom.go,2
embeddedstructfieldcheck_comments.go,2
embeddedstructfieldcheck_simple.go,2
embeddedstructfieldcheck_special_cases.go,2
comments.go,2
simple.go,2
badge.go,2
cards.go,2
iotamixing.go,2
godoclint.go,2
godoclint_default_pass.go,2
godoclint_full_fail.go,2
godoclint_full_pass.go,2
godoclint_full_pass_test.go,2
fieldsseq.go,2
mapsloop.go,2
mapsloop_dot.go,2
minmax.go,2
rangeint.go,2
slicessort.go,2
splitseq.go,2
stringsbuilder.go,2
testingcontext_test.go,2
clickhouselint.go,2
diff_processor.go,1
isatty_linux.go,1
syscall_linux_gccgo.go,1
supported_linters_test.go,1
nolint_autogenerated_alt_hdr.go,1
context_test.go,1
lintersdb_test.go,1
autogenerated_alt_hdr.go,1
autogenerated_alt_hdr2.go,1
do_not_edit.go,1
go_bindata.go,1
protoc_gen_foo.go,1
skip_test.go,1
a.go,1
a_test.go,1
openbsd_unveil.go,1
hello.qtpl.go,1
bar_test.go,1
foo.go,1
rowerrcheck.go,1
bad_defer.go,1
decompression-bomb.go,1
integer_overflow.go,1
fdset.go,1
sockcmsg_dragonfly.go,1
sockcmsg_unix_other.go,1
syscall_darwin.1_12.go,1
syscall_darwin.1_13.go,1
syscall_darwin_386.1_11.go,1
syscall_darwin_amd64.1_11.go,1
syscall_darwin_arm.1_11.go,1
syscall_darwin_arm64.1_11.go,1
zsyscall_darwin_386.1_13.go,1
zsyscall_darwin_amd64.1_13.go,1
zsyscall_darwin_arm.1_13.go,1
zsyscall_darwin_arm64.1_13.go,1
lazyre.go,1
read.go,1
autogen_exclude_block_comment.go,1
autogen_exclude_long_line.go,1
go-header.go,1
happy_path_test.go,1
lll_multi_import.go,1
lll_single_import.go,1
path_except.go,1
path_except_test.go,1
perfsprint_int_conversion.go,1
testifylint_config.go,1
builder_plugin.go,1
testifylint_bool_compare.go,1
testifylint_require_error.go,1
imports_test.go,1
autogen_go_strict.go,1
autogen_go_strict_invalid.go,1
parse_test.go,1
version_test.go,1
gochecksumtype_custom.go,1
nilnil_detect_opposite.go,1
nilnil_pointers_only.go,1
runner_base.go,1
loggercheck_slogonly.go,1
tagliatelle_ignored_fields.go,1
importas_several_empty_aliases.go,1
gosec_nosec.go,1
sequence.go,1
asasalint_cgo.go,1
asciicheck_cgo.go,1
bidichk_cgo.go,1
bodyclose_cgo.go,1
canonicalheader_cgo.go,1
containedctx_cgo.go,1
contextcheck_cgo.go,1
copyloopvar_cgo.go,1
cyclop_cgo.go,1
decorder_cgo.go,1
depguard_cgo.go,1
dogsled_cgo.go,1
dupl_cgo.go,1
dupword_cgo.go,1
durationcheck_cgo.go,1
err113_cgo.go,1
errcheck_cgo.go,1
errchkjson_cgo.go,1
errname_cgo.go,1
errorlint_cgo.go,1
exhaustive_cgo.go,1
exhaustruct_cgo.go,1
fatcontext_cgo.go,1
forbidigo_cgo.go,1
forcetypeassert_cgo.go,1
gocheckcompilerdirectives_cgo.go,1
gochecknoglobals_cgo.go,1
gochecknoinits_cgo.go,1
gochecksumtype_cgo.go,1
gocognit_cgo.go,1
goconst_cgo.go,1
gocritic_cgo.go,1
gocyclo_cgo.go,1
godox_cgo.go,1
goheader_cgo.go,1
goprintffuncname_cgo.go,1
gosec_cgo.go,1
gosmopolitan_cgo.go,1
govet_cgo.go,1
grouper_cgo.go,1
importas_cgo.go,1
inamedparam_cgo.go,1
ineffassign_cgo.go,1
interfacebloat_cgo.go,1
intrange_cgo.go,1
ireturn_cgo.go,1
lll_cgo.go,1
lll_max_scan_token_size.go,1
lll_max_scan_token_size_cgo.go,1
loggercheck_cgo.go,1
maintidx_cgo.go,1
makezero_cgo.go,1
mirror_cgo.go,1
mnd_cgo.go,1
musttag_cgo.go,1
nakedret_cgo.go,1
nestif_cgo.go,1
nilerr_cgo.go,1
nilnil_cgo.go,1
nlreturn_cgo.go,1
nolintlint_cgo.go,1
nonamedreturns_cgo.go,1
perfsprint_cgo.go,1
predeclared_cgo.go,1
promlinter_cgo.go,1
protogetter_cgo.go,1
reassign_cgo.go,1
recvcheck_cgo.go,1
revive_cgo.go,1
rowserrcheck_cgo.go,1
sloglint_cgo.go,1
spancheck_cgo.go,1
sqlclosecheck_cgo.go,1
tagalign_cgo.go,1
tagliatelle_cgo.go,1
testableexamples_test_cgo.go,1
thelper_cgo.go,1
tparallel_cgo.go,1
unconvert_cgo.go,1
usestdlibvars_cgo.go,1
usetesting_cgo.go,1
varnamelen_cgo.go,1
wastedassign_cgo.go,1
whitespace_cgo.go,1
wrapcheck_cgo.go,1
wsl_cgo.go,1
zerologlint_cgo.go,1
nilnesserr_cgo.go,1
fsutils_unix.go,1
fsutils_windows.go,1
help_test.go,1
fsutils_test.go,1
spancheck_keep_default.go,1
fatcontext_structpointer.go,1
exclude_block_comment.go,1
exclude_doc.go,1
exclude_long_line.go,1
go_strict.go,1
go_strict_invalid.go,1
case_sensitive.go,1
apply_to_unknown.go,1
bad_names.go,1
whole_file.go,1
standard.go,1
linters_exclusions_test.go,1
ptr.go,1
testifylint_formatter_dont_require_string_msg.go,1
nilnil_multiple_nils.go,1
error_notunix.go,1
error_unix.go,1
cacheprog.go,1
funlen_custom.go,1
funlen_ignore_comments.go,1
gocritic_importShadow.go,1
placeholders.go,1
gocritic_settings_test.go,1
paralleltest_custom_test.go,1
paralleltest_test.go,1
goconst_eval_and_find_duplicates.go,1
goconst_eval_const_expressions.go,1
goconst_find_duplicates.go,1
funcorder_integration_test.go,1
funcorder_disable_constructor.go,1
funcorder_struct_method.go,1
swaggo_integration_test.go,1
arangolint_integration_test.go,1
arangolint_cgo.go,1
embeddedstructfieldcheck_integration_test.go,1
embeddedstructfieldcheck_mutex.go,1
iface_unexported.go,1
noinlineerr_integration_test.go,1
ws_v4_cgo.go,1
wsl_v5_config.go,1
varnamelen_configuration.go,1
tagliatelle_initialism_overrides.go,1
stylecheck_empty.go,1
stylecheck_nil.go,1
cmd_help.go,1
default_exclusions.go,1
iotamixing_integration_test.go,1
iotamixing_report-individual.go,1
godoclint_integration_test.go,1
godoclint_default_fail.go,1
unqueryvet_custom.go,1
unqueryvet_integration_test.go,1
dirhash.go,1
modernize_integration_test.go,1
modernize_any.go,1
modernize_custom.go,1
dupword_comments_only.go,1
dupword_ignore.go,1
runner_action_test.go,1
gomodguard_v2.go,1
bodyclose_custum.go,1
clickhouselint_integration_test.go,1
jsonschema.go,1
